slice-file-name,xcid,start,dur,salience,speciesid,english
591488-1-1,591488,0,1,1,1,Eurasian Tree Sparrow
591488-1-2,591488,1.5,1,1,1,Eurasian Tree Sparrow
591488-1-3,591488,2.8,1,1,1,Eurasian Tree Sparrow
591488-1-4,591488,4.6,1,1,1,Eurasian Tree Sparrow
591488-1-5,591488,8.1,1,1,1,Eurasian Tree Sparrow
591488-1-6,591488,9.1,1,1,1,Eurasian Tree Sparrow
591488-1-7,591488,10.3,1,1,1,Eurasian Tree Sparrow
591488-1-8,591488,12.1,1,1,1,Eurasian Tree Sparrow
591488-1-9,591488,13.4,1,1,1,Eurasian Tree Sparrow
591488-1-10,591488,14.8,1,1,1,Eurasian Tree Sparrow
591488-1-11,591488,16.1,1,1,1,Eurasian Tree Sparrow
591488-1-12,591488,17.6,1,1,1,Eurasian Tree Sparrow
591488-1-13,591488,19.3,1,1,1,Eurasian Tree Sparrow
591488-1-14,591488,20.8,1,1,1,Eurasian Tree Sparrow
591488-1-15,591488,22,1,1,1,Eurasian Tree Sparrow
591488-1-16,591488,23.2,1,1,1,Eurasian Tree Sparrow
591488-1-17,591488,24.7,1,1,1,Eurasian Tree Sparrow
591488-1-18,591488,25.7,1,1,1,Eurasian Tree Sparrow
591488-1-19,591488,27.3,1,1,1,Eurasian Tree Sparrow
591488-1-20,591488,28,1,1,1,Eurasian Tree Sparrow
591488-1-21,591488,29.2,1,1,1,Eurasian Tree Sparrow
187051-2-1,187051,0,1,1,2,Rock Dove
270097-2-1,270097,0.9,1,1,2,Rock Dove
270097-2-2,270097,3.4,1,1,2,Rock Dove
270097-2-3,270097,5.8,1,1,2,Rock Dove
270097-2-4,270097,8.4,1,1,2,Rock Dove
270097-2-5,270097,11,1,1,2,Rock Dove
550328-2-1,550328,0.1,1,1,2,Rock Dove
550328-2-2,550328,2,1,1,2,Rock Dove
559541-2-1,559541,3.281,1,1,2,Rock Dove
559541-2-10,559541,30.642,1,1,2,Rock Dove
559541-2-11,559541,31.96,1,1,2,Rock Dove
559541-2-12,559541,41.39,1,1,2,Rock Dove
559541-2-13,559541,44.918,1,1,2,Rock Dove
559541-2-14,559541,48.514,1,1,2,Rock Dove
559541-2-15,559541,53.139,1,1,2,Rock Dove
559541-2-16,559541,55.676,1,1,2,Rock Dove
559541-2-17,559541,58.5,1,1,2,Rock Dove
559541-2-18,559541,60.5,1,1,2,Rock Dove
559541-2-19,559541,77.6,1,1,2,Rock Dove
559541-2-2,559541,5.121,1,1,2,Rock Dove
559541-2-20,559541,81.387,1,1,2,Rock Dove
559541-2-21,559541,83.428,1,1,2,Rock Dove
559541-2-22,559541,86.48,1,1,2,Rock Dove
559541-2-23,559541,88.483,1,1,2,Rock Dove
559541-2-24,559541,104.361,1,1,2,Rock Dove
559541-2-25,559541,106.8,1,1,2,Rock Dove
559541-2-26,559541,109.9,1,1,2,Rock Dove
559541-2-27,559541,112,1,1,2,Rock Dove
559541-2-28,559541,114.88,1,1,2,Rock Dove
559541-2-29,559541,117.13,1,1,2,Rock Dove
559541-2-3,559541,7.982,1,1,2,Rock Dove
559541-2-30,559541,120,1,1,2,Rock Dove
559541-2-31,559541,123.3,1,1,2,Rock Dove
559541-2-32,559541,127.23,1,1,2,Rock Dove
559541-2-33,559541,135.3,1,1,2,Rock Dove
559541-2-34,559541,137.483,1,1,2,Rock Dove
559541-2-35,559541,139.1,1,1,2,Rock Dove
559541-2-36,559541,141.85,1,1,2,Rock Dove
559541-2-37,559541,142.72,1,1,2,Rock Dove
559541-2-38,559541,143.45,1,1,2,Rock Dove
559541-2-39,559541,144.3,1,1,2,Rock Dove
559541-2-4,559541,15.917,1,1,2,Rock Dove
559541-2-40,559541,145.6,1,1,2,Rock Dove
559541-2-41,559541,146.9,1,1,2,Rock Dove
559541-2-42,559541,157.6,1,1,2,Rock Dove
559541-2-43,559541,171.3,1,1,2,Rock Dove
559541-2-44,559541,177.5,1,1,2,Rock Dove
559541-2-45,559541,179.7,1,1,2,Rock Dove
559541-2-46,559541,183.2,1,1,2,Rock Dove
559541-2-47,559541,185.5,1,1,2,Rock Dove
559541-2-48,559541,186.2,1,1,2,Rock Dove
559541-2-49,559541,188.8,1,1,2,Rock Dove
559541-2-5,559541,23.861,1,1,2,Rock Dove
559541-2-50,559541,191.4,1,1,2,Rock Dove
559541-2-51,559541,194.4,1,1,2,Rock Dove
559541-2-52,559541,198.3,1,1,2,Rock Dove
559541-2-53,559541,199.3,1,1,2,Rock Dove
559541-2-54,559541,201.6,1,1,2,Rock Dove
559541-2-55,559541,203.7,1,1,2,Rock Dove
559541-2-56,559541,207.9,1,1,2,Rock Dove
559541-2-57,559541,212.2,1,1,2,Rock Dove
559541-2-58,559541,213.7,1,1,2,Rock Dove
559541-2-59,559541,221.61,1,1,2,Rock Dove
559541-2-6,559541,26.455,1,1,2,Rock Dove
559541-2-60,559541,229.4,1,1,2,Rock Dove
559541-2-61,559541,232.8,1,1,2,Rock Dove
559541-2-62,559541,234.3,1,1,2,Rock Dove
559541-2-63,559541,236.68,1,1,2,Rock Dove
559541-2-64,559541,238.4,1,1,2,Rock Dove
559541-2-65,559541,246,1,1,2,Rock Dove
559541-2-66,559541,248,1,1,2,Rock Dove
559541-2-67,559541,251.6,1,1,2,Rock Dove
559541-2-68,559541,255.6,1,1,2,Rock Dove
559541-2-69,559541,259.8,1,1,2,Rock Dove
559541-2-7,559541,27.561,1,1,2,Rock Dove
559541-2-8,559541,28.172,1,1,2,Rock Dove
559541-2-9,559541,29.211,1,1,2,Rock Dove
538803-3-1,538803,0.5,1,1,3,Yellow-vented Bulbul
538803-3-10,538803,5.1,1,1,3,Yellow-vented Bulbul
538803-3-11,538803,5.3,1,1,3,Yellow-vented Bulbul
538803-3-12,538803,5.5,1,1,3,Yellow-vented Bulbul
538803-3-13,538803,5.7,1,1,3,Yellow-vented Bulbul
538803-3-14,538803,6.1,1,1,3,Yellow-vented Bulbul
538803-3-2,538803,1,1,1,3,Yellow-vented Bulbul
538803-3-3,538803,1.4,1,1,3,Yellow-vented Bulbul
538803-3-4,538803,1.9,1,1,3,Yellow-vented Bulbul
538803-3-5,538803,2.3,1,1,3,Yellow-vented Bulbul
538803-3-6,538803,4.1,1,1,3,Yellow-vented Bulbul
538803-3-7,538803,4.5,1,1,3,Yellow-vented Bulbul
538803-3-8,538803,4.7,1,1,3,Yellow-vented Bulbul
538803-3-9,538803,4.9,1,1,3,Yellow-vented Bulbul
581281-4-1,581281,3.7,1,1,4,House Crow
581281-4-2,581281,4.5,1,1,4,House Crow
581281-4-3,581281,5.4,1,1,4,House Crow
581281-4-4,581281,6.4,1,1,4,House Crow
578839-4-1,578839,0.37,0.5,1,4,House Crow
578839-4-2,578839,0.99,0.5,1,4,House Crow
578839-4-3,578839,4.08,0.5,1,4,House Crow
578839-4-4,578839,4.71,0.5,1,4,House Crow
578839-4-5,578839,5.28,0.5,1,4,House Crow
578839-4-6,578839,7.88,0.5,1,4,House Crow
578839-4-7,578839,8.41,0.5,1,4,House Crow
578839-4-8,578839,9.49,0.5,1,4,House Crow
578839-4-9,578839,10.09,0.5,1,4,House Crow
578839-4-10,578839,13.01,0.5,1,4,House Crow
578839-4-11,578839,13.71,0.5,1,4,House Crow
578839-4-12,578839,14.36,0.5,1,4,House Crow
578839-4-13,578839,15.24,0.5,1,4,House Crow
578839-4-14,578839,15.9,0.5,1,4,House Crow
578839-4-15,578839,16.53,0.5,1,4,House Crow
578839-4-16,578839,17.12,0.5,1,4,House Crow
578839-4-17,578839,19.65,0.5,1,4,House Crow
578839-4-18,578839,20.28,0.5,1,4,House Crow
578839-4-19,578839,20.89,0.5,1,4,House Crow
578839-4-20,578839,23.99,0.5,1,4,House Crow
578839-4-21,578839,24.59,0.5,1,4,House Crow
578839-4-22,578839,25.15,0.5,1,4,House Crow
578839-4-23,578839,25.93,0.5,1,4,House Crow
578839-4-24,578839,27.68,0.5,1,4,House Crow
578839-4-25,578839,28.3,0.5,1,4,House Crow
578839-4-26,578839,29.21,0.5,1,4,House Crow
578839-4-27,578839,29.92,0.5,1,4,House Crow
578839-4-28,578839,30.52,0.5,1,4,House Crow
578839-4-29,578839,31.2,0.5,1,4,House Crow
578839-4-30,578839,35.42,0.5,1,4,House Crow
578839-4-31,578839,36.22,0.5,1,4,House Crow
578839-4-32,578839,36.92,0.5,1,4,House Crow
578839-4-33,578839,37.48,0.5,1,4,House Crow
578839-4-34,578839,38.24,0.5,1,4,House Crow
578839-4-35,578839,38.85,0.5,1,4,House Crow
578839-4-36,578839,39.71,0.5,1,4,House Crow
578839-4-37,578839,40.26,0.5,1,4,House Crow
578839-4-38,578839,41.33,0.5,1,4,House Crow
578839-4-39,578839,41.9,0.5,1,4,House Crow
578839-4-40,578839,44.5,0.5,1,4,House Crow
578839-4-41,578839,45.04,0.5,1,4,House Crow
578839-4-42,578839,45.69,0.5,1,4,House Crow
578839-4-43,578839,46.29,0.5,1,4,House Crow
578839-4-44,578839,49.24,0.5,1,4,House Crow
578839-4-45,578839,49.86,0.5,1,4,House Crow
578839-4-46,578839,50.65,0.5,1,4,House Crow
578839-4-47,578839,51.3,0.5,1,4,House Crow
578839-4-48,578839,52.3,0.5,1,4,House Crow
578839-4-49,578839,52.85,0.5,1,4,House Crow
578839-4-50,578839,53.55,0.5,1,4,House Crow
578839-4-51,578839,54.22,0.5,1,4,House Crow
578839-4-52,578839,54.79,0.5,1,4,House Crow
578839-4-53,578839,55.65,0.5,1,4,House Crow
578839-4-54,578839,56.49,0.5,1,4,House Crow
578839-4-55,578839,57.16,0.5,1,4,House Crow
578839-4-56,578839,57.96,0.5,1,4,House Crow
578839-4-57,578839,58.56,0.5,1,4,House Crow
578839-4-58,578839,59.31,0.5,1,4,House Crow
578839-4-59,578839,59.95,0.5,1,4,House Crow
578839-4-60,578839,60.68,0.5,1,4,House Crow
578839-4-61,578839,61.41,0.5,1,4,House Crow
578839-4-62,578839,62.05,0.5,1,4,House Crow
578839-4-63,578839,62.9,0.5,1,4,House Crow
578839-4-64,578839,63.54,0.5,1,4,House Crow
578839-4-65,578839,64.24,0.5,1,4,House Crow
578839-4-66,578839,66.53,0.5,1,4,House Crow
578839-4-67,578839,67,0.5,1,4,House Crow
578839-4-68,578839,67.55,0.5,1,4,House Crow
551659-5-1,551659,1.367,1,1,5,Common Myna
551659-5-2,551659,1.78,1,1,5,Common Myna
551659-5-3,551659,2.423,1,1,5,Common Myna
551659-5-4,551659,5.95,1,1,5,Common Myna
551659-5-5,551659,7.84,1,1,5,Common Myna
551659-5-6,551659,8.4,1,1,5,Common Myna
551659-5-6,551659,9.9,1,1,5,Common Myna
583034-5-1,583034,4.4,1,1,5,Common Myna
583034-5-2,583034,5,1,1,5,Common Myna
583034-5-3,583034,9.4,1,1,5,Common Myna
583034-5-4,583034,13.3,0.9,1,5,Common Myna
583034-5-5,583034,18.8,0.7,1,5,Common Myna
583034-5-6,583034,23.9,0.6,1,5,Common Myna
583034-5-7,583034,38.962,0.578,1,5,Common Myna
583034-5-8,583034,49.26,0.5,1,5,Common Myna
583034-5-9,583034,50.08,0.4,1,5,Common Myna
583034-5-10,583034,57.125,0.7,1,5,Common Myna
583034-5-11,583034,64.25,0.7,1,5,Common Myna
583034-5-12,583034,68.6,0.8,1,5,Common Myna
583034-5-13,583034,73.266,0.7,1,5,Common Myna
583034-5-14,583034,74,0.7,1,5,Common Myna
583034-5-15,583034,83.432,0.7,1,5,Common Myna
583034-5-16,583034,86.55,0.8,1,5,Common Myna
583034-5-17,583034,92.64,0.7,1,5,Common Myna
585480-5-1,585480,148.36,0.5,1,5,Common Myna
585480-5-2,585480,148.86,0.4,1,5,Common Myna
585480-5-3,585480,149.17,0.4,1,5,Common Myna
585480-5-4,585480,149.48,0.4,1,5,Common Myna
585480-5-5,585480,149.82,0.4,1,5,Common Myna
585480-5-6,585480,150.19,0.4,1,5,Common Myna
585480-5-7,585480,150.554,0.3,1,5,Common Myna
585480-5-8,585480,150.834,0.3,1,5,Common Myna
585480-5-9,585480,151.144,0.3,1,5,Common Myna
585480-5-10,585480,151.434,0.3,1,5,Common Myna
585480-5-11,585480,151.73,0.3,1,5,Common Myna
585480-5-12,585480,152.03,0.3,1,5,Common Myna
585480-5-13,585480,152.32,0.3,1,5,Common Myna
585480-5-14,585480,152.7,0.3,1,5,Common Myna
585480-5-15,585480,160.82,0.3,1,5,Common Myna
585480-5-16,585480,161,0.3,1,5,Common Myna
585480-5-17,585480,178.08,0.3,1,5,Common Myna
585480-5-18,585480,178.39,0.3,1,5,Common Myna
585480-5-19,585480,178.7,0.3,1,5,Common Myna
585480-5-20,585480,178.97,0.3,1,5,Common Myna
585480-5-21,585480,179.26,0.3,1,5,Common Myna
585480-5-22,585480,179.57,0.3,1,5,Common Myna
585480-5-23,585480,178.87,0.3,1,5,Common Myna
585480-5-24,585480,180.18,0.3,1,5,Common Myna
585480-5-25,585480,180.48,0.3,1,5,Common Myna
585480-5-26,585480,186.15,0.3,1,5,Common Myna
585480-5-27,585480,186.47,0.3,1,5,Common Myna
585480-5-28,585480,186.9,0.3,1,5,Common Myna
585480-5-29,585480,187.18,0.3,1,5,Common Myna
585480-5-30,585480,187.42,0.3,1,5,Common Myna
585480-5-31,585480,190.84,0.3,1,5,Common Myna
585480-5-32,585480,193.22,0.3,1,5,Common Myna
585480-5-33,585480,193.52,0.3,1,5,Common Myna
585480-5-34,585480,193.86,0.3,1,5,Common Myna
585480-5-35,585480,194.17,0.3,1,5,Common Myna
585480-5-36,585480,194.49,0.3,1,5,Common Myna
585480-5-37,585480,194.82,0.3,1,5,Common Myna
585480-5-38,585480,195.1,0.3,1,5,Common Myna
585480-5-39,585480,195.44,0.3,1,5,Common Myna
585480-5-40,585480,195.74,0.3,1,5,Common Myna
585480-5-41,585480,195.98,0.3,1,5,Common Myna
585480-5-42,585480,196.79,0.3,1,5,Common Myna
585480-5-43,585480,214.815,0.35,1,5,Common Myna
585480-5-44,585480,215.16,0.315,1,5,Common Myna
585480-5-45,585480,215.479,0.3,1,5,Common Myna
585480-5-46,585480,215.767,0.3,1,5,Common Myna
585480-5-47,585480,216.059,0.3,1,5,Common Myna
585480-5-48,585480,216.356,0.3,1,5,Common Myna
585480-5-49,585480,216.65,0.3,1,5,Common Myna
585480-5-50,585480,216.95,0.3,1,5,Common Myna
585480-5-51,585480,217.22,0.3,1,5,Common Myna
585480-5-52,585480,221.42,0.3,1,5,Common Myna
585480-5-53,585480,221.71,0.3,1,5,Common Myna
585480-5-54,585480,222,0.3,1,5,Common Myna
585480-5-55,585480,222.3,0.3,1,5,Common Myna
585480-5-56,585480,222.59,0.3,1,5,Common Myna
585480-5-57,585480,222.88,0.3,1,5,Common Myna
585480-5-58,585480,223.18,0.3,1,5,Common Myna
585480-5-59,585480,223.48,0.3,1,5,Common Myna
585480-5-60,585480,223.73,0.3,1,5,Common Myna
585480-5-61,585480,229.95,0.3,1,5,Common Myna
585480-5-62,585480,230.26,0.3,1,5,Common Myna
585480-5-63,585480,230.57,0.3,1,5,Common Myna
585480-5-64,585480,230.85,0.3,1,5,Common Myna
585480-5-65,585480,231.11,0.3,1,5,Common Myna
585480-5-66,585480,231.35,0.3,1,5,Common Myna
585480-5-67,585480,231.7,0.3,1,5,Common Myna
585480-5-68,585480,236.96,0.3,1,5,Common Myna
585480-5-69,585480,237.25,0.3,1,5,Common Myna
585480-5-70,585480,237.55,0.3,1,5,Common Myna
585480-5-71,585480,237.84,0.3,1,5,Common Myna
585480-5-72,585480,238.15,0.3,1,5,Common Myna
585480-5-73,585480,238.44,0.3,1,5,Common Myna
585480-5-74,585480,238.75,0.3,1,5,Common Myna
585480-5-75,585480,239,0.3,1,5,Common Myna
585480-5-76,585480,273.4,0.2,1,5,Common Myna
585480-5-77,585480,273.57,0.3,1,5,Common Myna
585480-5-78,585480,273.84,0.3,1,5,Common Myna
585480-5-79,585480,267.2,1,1,5,Common Myna
585480-5-80,585480,275.56,0.5,1,5,Common Myna
585480-5-81,585480,275.19,0.3,1,5,Common Myna
585480-5-82,585480,277.33,0.6,1,5,Common Myna
585480-5-83,585480,278.2,0.5,1,5,Common Myna
585480-5-84,585480,279.36,0.3,1,5,Common Myna
585480-5-85,585480,281.9,0.5,1,5,Common Myna
585480-5-86,585480,282.552,0.4,1,5,Common Myna
585480-5-87,585480,283.55,0.4,1,5,Common Myna
585480-5-88,585480,285,0.3,1,5,Common Myna
585480-5-89,585480,285.86,0.3,1,5,Common Myna
585480-5-90,585480,288.813,0.25,1,5,Common Myna
585480-5-91,585480,289.07,0.25,1,5,Common Myna
585480-5-92,585480,289.33,0.25,1,5,Common Myna
585480-5-93,585480,292.58,0.3,1,5,Common Myna
585480-5-94,585480,293.03,0.3,1,5,Common Myna
585480-5-95,585480,293.35,0.2,1,5,Common Myna
585480-5-96,585480,293.55,0.3,1,5,Common Myna
585480-5-97,585480,296.5,0.5,1,5,Common Myna
585480-5-98,585480,297.36,0.5,1,5,Common Myna
585480-5-99,585480,299.47,0.3,1,5,Common Myna
585480-5-100,585480,299.81,0.3,1,5,Common Myna
519900-6-1,519900,0.8,1,1,6,Spotted Dove
519900-6-2,519900,3.4,1,1,6,Spotted Dove
519900-6-3,519900,6.6,1,1,6,Spotted Dove
519900-6-4,519900,8.8,1,1,6,Spotted Dove
519900-6-5,519900,11.6,1,1,6,Spotted Dove
519900-6-6,519900,14.6,1,1,6,Spotted Dove
519900-6-7,519900,17,1,1,6,Spotted Dove
519900-6-8,519900,20,1,1,6,Spotted Dove
519900-6-9,519900,22.8,1,1,6,Spotted Dove
519900-6-10,519900,26.6,1,1,6,Spotted Dove
519900-6-11,519900,28.4,1,1,6,Spotted Dove
519900-6-12,519900,31.9,1,1,6,Spotted Dove
519900-6-13,519900,34,1,1,6,Spotted Dove
519900-6-14,519900,39.9,1,1,6,Spotted Dove
519900-6-15,519900,43.6,1,1,6,Spotted Dove
519900-6-16,519900,46.6,1,1,6,Spotted Dove
519900-6-17,519900,49,1,1,6,Spotted Dove
519900-6-18,519900,54.6,1,1,6,Spotted Dove
519900-6-19,519900,56.5,1,1,6,Spotted Dove
519900-6-20,519900,60.4,1,1,6,Spotted Dove
519900-6-21,519900,66.1,1,1,6,Spotted Dove
519900-6-22,519900,69.6,1,1,6,Spotted Dove
519900-6-23,519900,72.8,1,1,6,Spotted Dove
519900-6-24,519900,76.76,1,1,6,Spotted Dove
589819-7-1,589819,1.2,1,1,7,Zebra Dove
589819-7-2,589819,6.35,1,1,7,Zebra Dove
589483-7-1,589483,0.5,1,1,7,Zebra Dove
589483-7-2,589483,3.8,1,1,7,Zebra Dove
589483-7-3,589483,8.13,1,1,7,Zebra Dove
589483-7-4,589483,11.9,1,1,7,Zebra Dove
589483-7-5,589483,14.2,1,1,7,Zebra Dove
589483-7-6,589483,16.9,1,1,7,Zebra Dove
589483-7-7,589483,24.1,1,1,7,Zebra Dove
589483-7-8,589483,28.95,1,1,7,Zebra Dove
588080-7-1,588080,0.855,1,1,7,Zebra Dove
578384-7-1,578384,2.74,1,1,7,Zebra Dove
578384-7-2,578384,3.84,1,1,7,Zebra Dove
578384-7-3,578384,4.64,1,1,7,Zebra Dove
578384-7-4,578384,13.3,1,1,7,Zebra Dove
578384-7-5,578384,14.8,1,1,7,Zebra Dove
578384-7-6,578384,15.11,1,1,7,Zebra Dove
578384-7-7,578384,16.01,1,1,7,Zebra Dove
578384-7-8,578384,18.41,1,1,7,Zebra Dove
578384-7-9,578384,19.94,1,1,7,Zebra Dove
578384-7-10,578384,23.32,1,1,7,Zebra Dove
578384-7-11,578384,25.51,1,1,7,Zebra Dove
578384-7-12,578384,27.31,1,1,7,Zebra Dove
591315-8-1,591315,0.3,1,1,8,Asian Koel
591315-8-10,591315,46.1,1,1,8,Asian Koel
591315-8-11,591315,48.7,1,1,8,Asian Koel
591315-8-12,591315,50.1,1,1,8,Asian Koel
591315-8-13,591315,51.5,1,1,8,Asian Koel
591315-8-14,591315,53.5,1,1,8,Asian Koel
591315-8-15,591315,55.5,1,1,8,Asian Koel
591315-8-16,591315,58.6,1,1,8,Asian Koel
591315-8-17,591315,59.9,1,1,8,Asian Koel
591315-8-2,591315,1.8,1,1,8,Asian Koel
591315-8-3,591315,3.8,1,1,8,Asian Koel
591315-8-4,591315,20.1,1,1,8,Asian Koel
591315-8-5,591315,30,1,1,8,Asian Koel
591315-8-6,591315,33.5,1,1,8,Asian Koel
591315-8-7,591315,39.7,1,1,8,Asian Koel
591315-8-8,591315,42.7,1,1,8,Asian Koel
591315-8-9,591315,44.6,1,1,8,Asian Koel
548376-9-1,548376,1.42,1,1,9,Common Iora
548376-9-2,548376,6.85,1,1,9,Common Iora
548376-9-3,548376,11.42,1,1,9,Common Iora
548376-9-4,548376,20.62,1,1,9,Common Iora
590314-9-1,590314,1.4,1,1,9,Common Iora
590314-9-2,590314,8.7,1,1,9,Common Iora
590314-9-3,590314,16.4,1,1,9,Common Iora
590311-9-1,590311,1.23,1,1,9,Common Iora
590311-9-2,590311,9.32,1,1,9,Common Iora
554822-9-1,554822,0.06,0.2,1,9,Common Iora
554822-9-2,554822,0.27,0.2,1,9,Common Iora
554822-9-3,554822,0.46,0.2,1,9,Common Iora
554822-9-4,554822,0.65,0.2,1,9,Common Iora
554822-9-5,554822,0.85,0.2,1,9,Common Iora
554822-9-6,554822,1.05,0.2,1,9,Common Iora
554822-9-7,554822,1.26,0.2,1,9,Common Iora
578924-10-1,578924,0.4,1,1,10,Olive-backed Sunbird
578924-10-2,578924,1.4,1,1,10,Olive-backed Sunbird
578924-10-3,578924,2.4,1,1,10,Olive-backed Sunbird
578924-10-4,578924,3.9,1,1,10,Olive-backed Sunbird
578924-10-5,578924,10.1,1,1,10,Olive-backed Sunbird
578924-10-6,578924,11.4,1,1,10,Olive-backed Sunbird
578924-10-7,578924,17.8,1,1,10,Olive-backed Sunbird
578924-10-8,578924,22.6,1,1,10,Olive-backed Sunbird
578924-10-9,578924,25.9,1,1,10,Olive-backed Sunbird
578924-10-10,578924,29.5,1,1,10,Olive-backed Sunbird
578924-10-11,578924,30.7,1,1,10,Olive-backed Sunbird
578924-10-12,578924,31.9,1,1,10,Olive-backed Sunbird
578924-10-13,578924,33.2,1,1,10,Olive-backed Sunbird
578924-10-14,578924,33.5,1,1,10,Olive-backed Sunbird
578924-10-15,578924,34.1,1,1,10,Olive-backed Sunbird
578924-10-16,578924,34.4,1,1,10,Olive-backed Sunbird
548744-11-1,548744,0.745,1,1,11,White-breasted Waterhen
548744-11-10,548744,4.72,1,1,11,White-breasted Waterhen
548744-11-11,548744,5.17,1,1,11,White-breasted Waterhen
548744-11-12,548744,5.6,1,1,11,White-breasted Waterhen
548744-11-13,548744,5.95,1,1,11,White-breasted Waterhen
548744-11-14,548744,6.35,1,1,11,White-breasted Waterhen
548744-11-15,548744,7.36,1,1,11,White-breasted Waterhen
548744-11-16,548744,8.4,1,1,11,White-breasted Waterhen
548744-11-2,548744,1.733,1,1,11,White-breasted Waterhen
548744-11-3,548744,2.017,1,1,11,White-breasted Waterhen
548744-11-4,548744,2.443,1,1,11,White-breasted Waterhen
548744-11-5,548744,2.85,1,1,11,White-breasted Waterhen
548744-11-6,548744,3.218,1,1,11,White-breasted Waterhen
548744-11-7,548744,3.57,1,1,11,White-breasted Waterhen
548744-11-8,548744,4.03,1,1,11,White-breasted Waterhen
548744-11-9,548744,4.4,1,1,11,White-breasted Waterhen
583630-11-1,583630,1,0.5,1,11,White-breasted Waterhen
583630-11-2,583630,1.3,0.5,1,11,White-breasted Waterhen
583630-11-3,583630,1.8,0.5,1,11,White-breasted Waterhen
583630-11-4,583630,2.4,0.5,1,11,White-breasted Waterhen
583630-11-5,583630,2.9,0.5,1,11,White-breasted Waterhen
583630-11-6,583630,3.4,0.5,1,11,White-breasted Waterhen
583630-11-7,583630,4,0.5,1,11,White-breasted Waterhen
583630-11-8,583630,4.6,0.5,1,11,White-breasted Waterhen
583630-11-9,583630,5.1,0.5,1,11,White-breasted Waterhen
583630-11-10,583630,5.5,0.5,1,11,White-breasted Waterhen
583630-11-11,583630,5.8,0.5,1,11,White-breasted Waterhen
583630-11-12,583630,6.2,0.5,1,11,White-breasted Waterhen
583630-11-13,583630,6.7,0.5,1,11,White-breasted Waterhen
583630-11-14,583630,7,0.5,1,11,White-breasted Waterhen
583630-11-15,583630,7.9,0.5,1,11,White-breasted Waterhen
583630-11-16,583630,8.4,0.5,1,11,White-breasted Waterhen
583630-11-17,583630,9.1,0.5,1,11,White-breasted Waterhen
583630-11-18,583630,9.6,0.5,1,11,White-breasted Waterhen
583630-11-19,583630,10.1,0.5,1,11,White-breasted Waterhen
583630-11-20,583630,10.33,0.5,1,11,White-breasted Waterhen
583630-11-21,583630,11,0.5,1,11,White-breasted Waterhen
583630-11-22,583630,11.4,0.5,1,11,White-breasted Waterhen
583630-11-23,583630,11.9,0.5,1,11,White-breasted Waterhen
583630-11-24,583630,12.7,0.5,1,11,White-breasted Waterhen
135984-12-1,135984,0.571,1,1,12,Ashy Tailorbird
135984-12-2,135984,3.272,1,1,12,Ashy Tailorbird
135984-12-3,135984,6.753,1,1,12,Ashy Tailorbird
588070-12-1,588070,0.4,1,1,12,Ashy Tailorbird
588070-12-2,588070,1.9,1,1,12,Ashy Tailorbird
588070-12-3,588070,2.7,1,1,12,Ashy Tailorbird
588070-12-4,588070,3.6,1,1,12,Ashy Tailorbird
588070-12-5,588070,4.2,1,1,12,Ashy Tailorbird
588070-12-6,588070,5.3,1,1,12,Ashy Tailorbird
588070-12-7,588070,6.64,1,1,12,Ashy Tailorbird
588070-12-8,588070,7.7,1,1,12,Ashy Tailorbird
588070-12-9,588070,9.6,1,1,12,Ashy Tailorbird
588070-12-10,588070,11.2,1,1,12,Ashy Tailorbird
588070-12-11,588070,11.75,1,1,12,Ashy Tailorbird
588070-12-12,588070,13.9,1,1,12,Ashy Tailorbird
588070-12-13,588070,16,1,1,12,Ashy Tailorbird
588070-12-14,588070,17.5,1,1,12,Ashy Tailorbird
588070-12-15,588070,18.3,1,1,12,Ashy Tailorbird
588070-12-16,588070,19.1,1,1,12,Ashy Tailorbird
588070-12-17,588070,20.5,1,1,12,Ashy Tailorbird
588070-12-18,588070,21.4,1,1,12,Ashy Tailorbird
588070-12-19,588070,22.4,1,1,12,Ashy Tailorbird
588070-12-20,588070,23.3,1,1,12,Ashy Tailorbird
588070-12-21,588070,24.2,1,1,12,Ashy Tailorbird
588070-12-22,588070,25.2,1,1,12,Ashy Tailorbird
588070-12-23,588070,26.3,1,1,12,Ashy Tailorbird
588070-12-24,588070,27.4,1,1,12,Ashy Tailorbird
588070-12-25,588070,28.5,1,1,12,Ashy Tailorbird
588070-12-26,588070,29.4,1,1,12,Ashy Tailorbird
588070-12-27,588070,30.4,1,1,12,Ashy Tailorbird
588070-12-28,588070,31.3,1,1,12,Ashy Tailorbird
588070-12-29,588070,32.7,1,1,12,Ashy Tailorbird
588070-12-30,588070,34.2,1,1,12,Ashy Tailorbird
588070-12-31,588070,36.43,1,1,12,Ashy Tailorbird
588070-12-32,588070,38.4,1,1,12,Ashy Tailorbird
588070-12-33,588070,39.55,1,1,12,Ashy Tailorbird
588070-12-34,588070,41.38,1,1,12,Ashy Tailorbird
588070-12-35,588070,43,1,1,12,Ashy Tailorbird
588070-12-36,588070,44.3,1,1,12,Ashy Tailorbird
588070-12-37,588070,45.5,1,1,12,Ashy Tailorbird
588070-12-38,588070,46.5,1,1,12,Ashy Tailorbird
588070-12-39,588070,47.4,1,1,12,Ashy Tailorbird
588070-12-40,588070,49.1,1,1,12,Ashy Tailorbird
588070-12-41,588070,50.7,1,1,12,Ashy Tailorbird
588070-12-42,588070,52.4,1,1,12,Ashy Tailorbird
502374-9-1,502374,0.22,1,1,9,Common Iora
502374-9-2,502374,2.94,1,1,9,Common Iora
502374-9-3,502374,5,1,1,9,Common Iora
502374-9-4,502374,7.1,1,1,9,Common Iora
502374-9-5,502374,10.95,1,1,9,Common Iora
502374-9-6,502374,13.4,1,1,9,Common Iora
502374-9-7,502374,15.47,1,1,9,Common Iora
502374-9-8,502374,16.87,1,1,9,Common Iora
502374-9-9,502374,18.36,1,1,9,Common Iora
502374-9-10,502374,19.2,1,1,9,Common Iora
502374-9-11,502374,20.83,1,1,9,Common Iora
502374-9-12,502374,21.53,1,1,9,Common Iora
502374-9-13,502374,24.51,1,1,9,Common Iora
481330-9-1,481330,0.038,1,1,9,Common Iora
481330-9-2,481330,1.12,1,1,9,Common Iora
481330-9-3,481330,4.42,1,1,9,Common Iora
481330-9-4,481330,8.45,1,1,9,Common Iora
481330-9-5,481330,11.63,1,1,9,Common Iora
481330-9-6,481330,14.46,1,1,9,Common Iora
481330-9-7,481330,17.37,1,1,9,Common Iora
481330-9-8,481330,20.67,1,1,9,Common Iora
479862-9-1,479862,0.17,1,1,9,Common Iora
479862-9-2,479862,0.36,1,1,9,Common Iora
479862-9-3,479862,0.56,1,1,9,Common Iora
479862-9-4,479862,0.77,1,1,9,Common Iora
479862-9-5,479862,0.98,1,1,9,Common Iora
479862-9-6,479862,1.19,1,1,9,Common Iora
479862-9-7,479862,1.39,1,1,9,Common Iora
479862-9-8,479862,1.6,1,1,9,Common Iora
479862-9-9,479862,1.76,1,1,9,Common Iora
479862-9-10,479862,1.96,1,1,9,Common Iora
479862-9-11,479862,2.16,1,1,9,Common Iora
479862-9-12,479862,2.37,1,1,9,Common Iora
477488-3-1,477488,0.27,1,1,3,Yellow-vented Bulbul
477488-3-2,477488,1.58,1,1,3,Yellow-vented Bulbul
477488-3-3,477488,2.82,1,1,3,Yellow-vented Bulbul
477488-3-4,477488,3.27,1,1,3,Yellow-vented Bulbul
477488-3-5,477488,3.77,1,1,3,Yellow-vented Bulbul
477488-3-6,477488,4.4,1,1,3,Yellow-vented Bulbul
477488-3-7,477488,4.8,1,1,3,Yellow-vented Bulbul
477488-3-8,477488,5.3,1,1,3,Yellow-vented Bulbul
477488-3-9,477488,5.8,1,1,3,Yellow-vented Bulbul
477488-3-10,477488,6.2,1,1,3,Yellow-vented Bulbul
477488-3-11,477488,6.8,1,1,3,Yellow-vented Bulbul
477488-3-12,477488,7.4,1,1,3,Yellow-vented Bulbul
477488-3-13,477488,7.7,1,1,3,Yellow-vented Bulbul
477488-3-14,477488,8.2,1,1,3,Yellow-vented Bulbul
477488-3-15,477488,8.7,1,1,3,Yellow-vented Bulbul
477488-3-16,477488,9.3,1,1,3,Yellow-vented Bulbul
477488-3-17,477488,9.9,1,1,3,Yellow-vented Bulbul
477488-3-18,477488,10.5,1,1,3,Yellow-vented Bulbul
477488-3-19,477488,11.1,1,1,3,Yellow-vented Bulbul
477488-3-20,477488,11.6,1,1,3,Yellow-vented Bulbul
477488-3-21,477488,12.1,1,1,3,Yellow-vented Bulbul
477488-3-22,477488,12.6,1,1,3,Yellow-vented Bulbul
477488-3-23,477488,13.1,1,1,3,Yellow-vented Bulbul
477488-3-24,477488,13.6,1,1,3,Yellow-vented Bulbul
477488-3-25,477488,14.1,1,1,3,Yellow-vented Bulbul
477488-3-26,477488,15.3,1,1,3,Yellow-vented Bulbul
477488-3-27,477488,15.7,1,1,3,Yellow-vented Bulbul
477488-3-28,477488,16.36,1,1,3,Yellow-vented Bulbul
477488-3-29,477488,16.8,1,1,3,Yellow-vented Bulbul
477488-3-30,477488,17.4,1,1,3,Yellow-vented Bulbul
477488-3-31,477488,18,1,1,3,Yellow-vented Bulbul
477488-3-32,477488,18.55,1,1,3,Yellow-vented Bulbul
477488-3-33,477488,18.77,1,1,3,Yellow-vented Bulbul
477488-3-34,477488,19.1,1,1,3,Yellow-vented Bulbul
477488-3-35,477488,19.29,1,1,3,Yellow-vented Bulbul
477488-3-36,477488,19.66,1,1,3,Yellow-vented Bulbul
477488-3-37,477488,20.26,1,1,3,Yellow-vented Bulbul
589446-1-1,589446,0.675,0.7,1,1,Eurasian Tree Sparrow
589446-1-2,589446,1.824,0.5,1,1,Eurasian Tree Sparrow
589446-1-3,589446,3.4,0.5,1,1,Eurasian Tree Sparrow
589446-1-4,589446,4.45,0.4,1,1,Eurasian Tree Sparrow
589446-1-5,589446,6.17,0.5,1,1,Eurasian Tree Sparrow
589446-1-6,589446,8.14,0.8,1,1,Eurasian Tree Sparrow
589446-1-7,589446,9.55,0.4,1,1,Eurasian Tree Sparrow
589446-1-8,589446,10.3,0.6,1,1,Eurasian Tree Sparrow
589446-1-9,589446,11.4,0.7,1,1,Eurasian Tree Sparrow
589446-1-10,589446,12.8,0.8,1,1,Eurasian Tree Sparrow
589446-1-11,589446,14.3,0.9,1,1,Eurasian Tree Sparrow
589446-1-12,589446,16.1,0.5,1,1,Eurasian Tree Sparrow
589446-1-13,589446,23.1,0.5,1,1,Eurasian Tree Sparrow
589446-1-14,589446,28.2,0.6,1,1,Eurasian Tree Sparrow
589446-1-15,589446,31.5,0.8,1,1,Eurasian Tree Sparrow
589446-1-16,589446,34.1,0.7,1,1,Eurasian Tree Sparrow
589446-1-17,589446,36,0.8,1,1,Eurasian Tree Sparrow
589446-1-18,589446,38.4,0.5,1,1,Eurasian Tree Sparrow
589446-1-19,589446,40.8,0.7,1,1,Eurasian Tree Sparrow
589446-1-20,589446,47,0.7,1,1,Eurasian Tree Sparrow
589446-1-21,589446,49.2,0.5,1,1,Eurasian Tree Sparrow
589446-1-22,589446,50.8,0.8,1,1,Eurasian Tree Sparrow
589814-8-1,589814,2.05,1,1,8,Asian Koel
589814-8-2,589814,2.4,1,1,8,Asian Koel
589814-8-3,589814,2.74,1,1,8,Asian Koel
589814-8-4,589814,12.6,1,1,8,Asian Koel
589814-8-5,589814,12.977,1,1,8,Asian Koel
589814-8-6,589814,13.292,1,1,8,Asian Koel
589814-8-7,589814,13.6,1,1,8,Asian Koel
589814-8-8,589814,22.5,1,1,8,Asian Koel
589814-8-9,589814,30.71,0.8,1,8,Asian Koel
589814-8-10,589814,36,0.5,1,8,Asian Koel
589081-8-1,589081,1.15,0.5,1,8,Asian Koel
589081-8-2,589081,1.45,0.5,1,8,Asian Koel
589081-8-3,589081,1.81,0.5,1,8,Asian Koel
589081-8-4,589081,2.14,0.5,1,8,Asian Koel
589081-8-5,589081,4.66,0.5,1,8,Asian Koel
589081-8-6,589081,4.98,0.5,1,8,Asian Koel
589081-8-7,589081,5.32,0.5,1,8,Asian Koel
589081-8-8,589081,7.26,0.5,1,8,Asian Koel
589081-8-9,589081,10.34,0.5,1,8,Asian Koel
589081-8-10,589081,10.62,0.5,1,8,Asian Koel
589081-8-11,589081,10.9,0.5,1,8,Asian Koel
589081-8-12,589081,10.26,0.5,1,8,Asian Koel
589081-8-13,589081,11.61,0.5,1,8,Asian Koel
589081-8-14,589081,17.51,0.5,1,8,Asian Koel
589081-8-15,589081,17.91,0.5,1,8,Asian Koel
589081-8-16,589081,18.21,0.5,1,8,Asian Koel
589081-8-17,589081,18.55,0.5,1,8,Asian Koel
560520-7-1,560520,0.73,0.5,1,7,Zebra Dove
560520-7-2,560520,3.09,0.5,1,7,Zebra Dove
560520-7-3,560520,5.36,0.5,1,7,Zebra Dove
560520-7-4,560520,7.6,0.5,1,7,Zebra Dove
560520-7-5,560520,10.45,0.5,1,7,Zebra Dove
560520-7-6,560520,12.51,0.5,1,7,Zebra Dove
560520-7-7,560520,15.17,0.5,1,7,Zebra Dove
560520-7-8,560520,17.38,0.5,1,7,Zebra Dove
560520-7-9,560520,21.98,0.5,1,7,Zebra Dove
560520-7-10,560520,23.95,0.5,1,7,Zebra Dove
560520-7-11,560520,30.76,0.5,1,7,Zebra Dove
560520-7-12,560520,32.36,0.5,1,7,Zebra Dove
560520-7-13,560520,35.66,0.5,1,7,Zebra Dove
560520-7-14,560520,37.86,0.6,1,7,Zebra Dove
560520-7-15,560520,40.09,0.5,1,7,Zebra Dove
560520-7-16,560520,42.5,0.5,1,7,Zebra Dove
560520-7-17,560520,45.1,0.5,1,7,Zebra Dove
560520-7-18,560520,47.66,0.5,1,7,Zebra Dove
560520-7-19,560520,50.18,0.5,1,7,Zebra Dove
560520-7-20,560520,52.13,0.5,1,7,Zebra Dove
560520-7-21,560520,54.53,0.5,1,7,Zebra Dove
560520-7-22,560520,56.76,0.5,1,7,Zebra Dove
560520-7-23,560520,59.39,0.5,1,7,Zebra Dove
560520-7-24,560520,61.73,0.5,1,7,Zebra Dove
560520-7-25,560520,64.35,0.5,1,7,Zebra Dove
560520-7-26,560520,66.53,0.6,1,7,Zebra Dove
560520-7-27,560520,69.35,0.5,1,7,Zebra Dove
560520-7-28,560520,72.31,0.6,1,7,Zebra Dove
560520-7-29,560520,75.01,0.6,1,7,Zebra Dove
560520-7-30,560520,77.55,0.5,1,7,Zebra Dove
560520-7-31,560520,79.66,0.6,1,7,Zebra Dove
578924-10-1,578924,0.68,0.3,1,10,Olive-backed Sunbird
578924-10-2,578924,1.7,0.3,1,10,Olive-backed Sunbird
578924-10-3,578924,2.73,0.3,1,10,Olive-backed Sunbird
578924-10-4,578924,4.23,0.3,1,10,Olive-backed Sunbird
578924-10-5,578924,10.46,0.3,1,10,Olive-backed Sunbird
578924-10-6,578924,11.81,0.3,1,10,Olive-backed Sunbird
578924-10-7,578924,18.16,0.3,1,10,Olive-backed Sunbird
578924-10-8,578924,22.89,0.3,1,10,Olive-backed Sunbird
578924-10-9,578924,29.81,0.3,1,10,Olive-backed Sunbird
578924-10-10,578924,30.81,0.4,1,10,Olive-backed Sunbird
578924-10-11,578924,31.25,0.3,1,10,Olive-backed Sunbird
578924-10-12,578924,32.25,0.3,1,10,Olive-backed Sunbird
578924-10-13,578924,33.72,0.3,1,10,Olive-backed Sunbird
578924-10-14,578924,34.14,0.3,1,10,Olive-backed Sunbird
578924-10-15,578924,34.74,0.3,1,10,Olive-backed Sunbird
578924-10-16,578924,35.34,0.3,1,10,Olive-backed Sunbird
576639-10-1,576639,0.99,0.3,1,10,Olive-backed Sunbird
576639-10-2,576639,2.15,0.3,1,10,Olive-backed Sunbird
576639-10-3,576639,4.49,0.3,1,10,Olive-backed Sunbird
576639-10-4,576639,7.69,0.3,1,10,Olive-backed Sunbird
576639-10-5,576639,9.6,0.3,1,10,Olive-backed Sunbird
575964-10-1,575964,3.19,0.3,1,10,Olive-backed Sunbird
575964-10-2,575964,4.47,0.3,1,10,Olive-backed Sunbird
575964-10-3,575964,4.95,0.3,1,10,Olive-backed Sunbird
575964-10-4,575964,5.59,0.3,1,10,Olive-backed Sunbird
575964-10-5,575964,6.52,0.3,1,10,Olive-backed Sunbird
575964-10-6,575964,8.62,0.3,1,10,Olive-backed Sunbird
575964-10-7,575964,9.08,0.3,1,10,Olive-backed Sunbird
575964-10-8,575964,9.76,0.3,1,10,Olive-backed Sunbird
575964-10-9,575964,10.23,0.3,1,10,Olive-backed Sunbird
575964-10-10,575964,10.67,0.3,1,10,Olive-backed Sunbird
575964-10-11,575964,11.28,0.3,1,10,Olive-backed Sunbird
575964-10-12,575964,11.78,0.3,1,10,Olive-backed Sunbird
575964-10-13,575964,12.41,0.3,1,10,Olive-backed Sunbird
575964-10-14,575964,13.26,0.3,1,10,Olive-backed Sunbird
575964-10-15,575964,13.74,0.3,1,10,Olive-backed Sunbird
575964-10-16,575964,14.34,0.3,1,10,Olive-backed Sunbird
575964-10-17,575964,14.94,0.3,1,10,Olive-backed Sunbird
575964-10-18,575964,15.61,0.3,1,10,Olive-backed Sunbird
575964-10-19,575964,16.1,0.3,1,10,Olive-backed Sunbird
575964-10-20,575964,16.69,0.3,1,10,Olive-backed Sunbird
575964-10-21,575964,18.41,0.3,1,10,Olive-backed Sunbird
575964-10-22,575964,19,0.3,1,10,Olive-backed Sunbird
575964-10-23,575964,19.93,0.3,1,10,Olive-backed Sunbird
575964-10-24,575964,20.84,0.3,1,10,Olive-backed Sunbird
575964-10-25,575964,21.42,0.3,1,10,Olive-backed Sunbird
575964-10-26,575964,22.07,0.3,1,10,Olive-backed Sunbird
575964-10-27,575964,22.62,0.3,1,10,Olive-backed Sunbird
575964-10-28,575964,23.72,0.3,1,10,Olive-backed Sunbird
575964-10-29,575964,24.22,0.3,1,10,Olive-backed Sunbird
575964-10-30,575964,25.32,0.3,1,10,Olive-backed Sunbird
575964-10-31,575964,26,0.3,1,10,Olive-backed Sunbird
575964-10-32,575964,26.5,0.3,1,10,Olive-backed Sunbird
575964-10-33,575964,27.1,0.3,1,10,Olive-backed Sunbird
575964-10-34,575964,27.68,0.3,1,10,Olive-backed Sunbird
575964-10-35,575964,28.28,0.3,1,10,Olive-backed Sunbird
575964-10-36,575964,28.76,0.3,1,10,Olive-backed Sunbird
575964-10-37,575964,29.38,0.3,1,10,Olive-backed Sunbird
575964-10-38,575964,29.87,0.3,1,10,Olive-backed Sunbird
575964-10-39,575964,30.46,0.3,1,10,Olive-backed Sunbird
575964-10-40,575964,31.03,0.3,1,10,Olive-backed Sunbird
575964-10-41,575964,31.69,0.3,1,10,Olive-backed Sunbird
575964-10-42,575964,32.6,0.3,1,10,Olive-backed Sunbird
575964-10-43,575964,33.2,0.3,1,10,Olive-backed Sunbird
575964-10-44,575964,33.8,0.3,1,10,Olive-backed Sunbird
575964-10-45,575964,34.5,0.3,1,10,Olive-backed Sunbird
575964-10-46,575964,35.11,0.3,1,10,Olive-backed Sunbird
575964-10-47,575964,35.8,0.3,1,10,Olive-backed Sunbird
575964-10-48,575964,36.42,0.3,1,10,Olive-backed Sunbird
575964-10-49,575964,37.02,0.3,1,10,Olive-backed Sunbird
575964-10-50,575964,37.96,0.3,1,10,Olive-backed Sunbird
575964-10-51,575964,38.56,0.3,1,10,Olive-backed Sunbird
575964-10-52,575964,40.96,0.3,1,10,Olive-backed Sunbird
575964-10-53,575964,41.46,0.3,1,10,Olive-backed Sunbird
575964-10-54,575964,41.99,0.3,1,10,Olive-backed Sunbird
575964-10-55,575964,42.61,0.3,1,10,Olive-backed Sunbird
575964-10-56,575964,43.21,0.3,1,10,Olive-backed Sunbird
575964-10-57,575964,45.05,0.3,1,10,Olive-backed Sunbird
575964-10-58,575964,45.97,0.3,1,10,Olive-backed Sunbird
575964-10-59,575964,46.52,0.3,1,10,Olive-backed Sunbird
575964-10-60,575964,47.23,0.3,1,10,Olive-backed Sunbird
575964-10-61,575964,47.76,0.3,1,10,Olive-backed Sunbird
575964-10-62,575964,48.39,0.3,1,10,Olive-backed Sunbird
575964-10-63,575964,48.95,0.3,1,10,Olive-backed Sunbird
575964-10-64,575964,49.56,0.3,1,10,Olive-backed Sunbird
575964-10-65,575964,50.15,0.3,1,10,Olive-backed Sunbird
575964-10-66,575964,50.75,0.3,1,10,Olive-backed Sunbird
575964-10-67,575964,51.38,0.3,1,10,Olive-backed Sunbird
575964-10-68,575964,52.04,0.3,1,10,Olive-backed Sunbird
575964-10-69,575964,52.76,0.3,1,10,Olive-backed Sunbird
575964-10-70,575964,53.46,0.3,1,10,Olive-backed Sunbird
575964-10-71,575964,54.16,0.3,1,10,Olive-backed Sunbird
575964-10-72,575964,54.73,0.3,1,10,Olive-backed Sunbird
575964-10-73,575964,55.38,0.3,1,10,Olive-backed Sunbird
575964-10-74,575964,56.06,0.3,1,10,Olive-backed Sunbird
575964-10-75,575964,56.72,0.3,1,10,Olive-backed Sunbird
575964-10-76,575964,57.34,0.3,1,10,Olive-backed Sunbird
575964-10-77,575964,57.95,0.3,1,10,Olive-backed Sunbird
575964-10-78,575964,58.62,0.3,1,10,Olive-backed Sunbird
575964-10-79,575964,60.94,0.3,1,10,Olive-backed Sunbird
575964-10-80,575964,61.84,0.3,1,10,Olive-backed Sunbird
575964-10-81,575964,62.37,0.3,1,10,Olive-backed Sunbird
575964-10-82,575964,67.24,0.3,1,10,Olive-backed Sunbird
575964-10-83,575964,67.77,0.3,1,10,Olive-backed Sunbird
575964-10-84,575964,68.42,0.3,1,10,Olive-backed Sunbird
575964-10-85,575964,69.08,0.3,1,10,Olive-backed Sunbird
575964-10-86,575964,69.58,0.3,1,10,Olive-backed Sunbird
575964-10-87,575964,70.28,0.3,1,10,Olive-backed Sunbird
575964-10-88,575964,70.79,0.3,1,10,Olive-backed Sunbird
575964-10-89,575964,71.44,0.3,1,10,Olive-backed Sunbird
575964-10-90,575964,72.02,0.3,1,10,Olive-backed Sunbird
575964-10-91,575964,72.67,0.3,1,10,Olive-backed Sunbird
575964-10-92,575964,74.61,0.3,1,10,Olive-backed Sunbird
575964-10-93,575964,75.33,0.3,1,10,Olive-backed Sunbird
575964-10-94,575964,76.13,0.3,1,10,Olive-backed Sunbird
575964-10-95,575964,76.83,0.3,1,10,Olive-backed Sunbird
6,369547,2.36,1,1,6,Spotted Dove
369547-6-2,369547,3.31,1,1,6,Spotted Dove
369547-6-3,369547,4.24,1,1,6,Spotted Dove
369547-6-4,369547,10.17,1,1,6,Spotted Dove
369547-6-5,369547,11.15,1,1,6,Spotted Dove
369547-6-6,369547,12.08,0.8,1,6,Spotted Dove
369547-6-7,369547,12.78,0.8,1,6,Spotted Dove
369547-6-8,369547,13.5,0.8,1,6,Spotted Dove
369547-6-9,369547,14.23,0.8,1,6,Spotted Dove
369547-6-10,369547,17.03,0.8,1,6,Spotted Dove
369547-6-11,369547,17.95,0.8,1,6,Spotted Dove
369547-6-12,369547,18.85,0.8,1,6,Spotted Dove
369547-6-13,369547,19.55,0.8,1,6,Spotted Dove
369547-6-14,369547,20.24,0.8,1,6,Spotted Dove
369547-6-15,369547,21.04,0.8,1,6,Spotted Dove
369547-6-16,369547,24.38,0.9,1,6,Spotted Dove
369547-6-17,369547,25.28,0.9,1,6,Spotted Dove
369547-6-18,369547,26.18,0.8,1,6,Spotted Dove
369547-6-19,369547,26.88,0.8,1,6,Spotted Dove
369547-6-20,369547,27.7,0.8,1,6,Spotted Dove
369547-6-21,369547,28.46,0.8,1,6,Spotted Dove
369547-6-22,369547,34.16,1,1,6,Spotted Dove
369547-6-23,369547,35.06,1,1,6,Spotted Dove
369547-6-24,369547,36.06,0.7,1,6,Spotted Dove
369547-6-25,369547,36.79,0.7,1,6,Spotted Dove
369547-6-26,369547,37.52,0.7,1,6,Spotted Dove
369547-6-27,369547,38.42,0.7,1,6,Spotted Dove
583144-11-1,583144,0.33,0.4,1,11,White-breasted Waterhen
583144-11-2,583144,0.76,0.4,1,11,White-breasted Waterhen
583144-11-3,583144,1.2,0.4,1,11,White-breasted Waterhen
583144-11-4,583144,1.65,0.4,1,11,White-breasted Waterhen
583144-11-5,583144,2.06,0.4,1,11,White-breasted Waterhen
583144-11-6,583144,2.51,0.4,1,11,White-breasted Waterhen
583144-11-7,583144,2.95,0.4,1,11,White-breasted Waterhen
583144-11-8,583144,3.38,0.4,1,11,White-breasted Waterhen
583144-11-9,583144,3.81,0.4,1,11,White-breasted Waterhen
583144-11-10,583144,4.2,0.4,1,11,White-breasted Waterhen
583144-11-11,583144,4.63,0.4,1,11,White-breasted Waterhen
583144-11-12,583144,5.08,0.4,1,11,White-breasted Waterhen
583144-11-13,583144,5.5,0.4,1,11,White-breasted Waterhen
583144-11-14,583144,5.98,0.4,1,11,White-breasted Waterhen
583144-11-15,583144,6.4,0.4,1,11,White-breasted Waterhen
583144-11-16,583144,6.84,0.4,1,11,White-breasted Waterhen
583144-11-17,583144,7.26,0.4,1,11,White-breasted Waterhen
583144-11-18,583144,7.71,0.4,1,11,White-breasted Waterhen
583144-11-19,583144,8.14,0.4,1,11,White-breasted Waterhen
583144-11-20,583144,8.57,0.4,1,11,White-breasted Waterhen
583144-11-21,583144,9.02,0.4,1,11,White-breasted Waterhen
583144-11-22,583144,9.43,0.4,1,11,White-breasted Waterhen
583144-11-23,583144,9.87,0.4,1,11,White-breasted Waterhen
583144-11-24,583144,10.33,0.4,1,11,White-breasted Waterhen
583144-11-25,583144,10.76,0.4,1,11,White-breasted Waterhen
583144-11-26,583144,12.66,0.4,1,11,White-breasted Waterhen
583144-11-27,583144,13.1,0.4,1,11,White-breasted Waterhen
583144-11-28,583144,13.52,0.4,1,11,White-breasted Waterhen
583144-11-29,583144,13.94,0.4,1,11,White-breasted Waterhen
583144-11-30,583144,14.35,0.4,1,11,White-breasted Waterhen
583144-11-31,583144,14.75,0.4,1,11,White-breasted Waterhen
583144-11-32,583144,15.16,0.4,1,11,White-breasted Waterhen
583144-11-33,583144,15.57,0.4,1,11,White-breasted Waterhen
583144-11-34,583144,16,0.4,1,11,White-breasted Waterhen
583144-11-35,583144,16.43,0.4,1,11,White-breasted Waterhen
583144-11-36,583144,16.86,0.4,1,11,White-breasted Waterhen
583144-11-37,583144,17.25,0.4,1,11,White-breasted Waterhen
583144-11-38,583144,17.7,0.4,1,11,White-breasted Waterhen
583144-11-39,583144,18.09,0.4,1,11,White-breasted Waterhen
583144-11-40,583144,18.5,0.4,1,11,White-breasted Waterhen
583144-11-41,583144,18.93,0.4,1,11,White-breasted Waterhen
583144-11-42,583144,19.36,0.4,1,11,White-breasted Waterhen
583144-11-43,583144,19.78,0.4,1,11,White-breasted Waterhen
583144-11-44,583144,20.2,0.4,1,11,White-breasted Waterhen
583144-11-45,583144,20.63,0.4,1,11,White-breasted Waterhen
583144-11-46,583144,21.06,0.4,1,11,White-breasted Waterhen
583144-11-47,583144,21.49,0.4,1,11,White-breasted Waterhen
583144-11-48,583144,22.95,0.4,1,11,White-breasted Waterhen
583144-11-49,583144,23.38,0.4,1,11,White-breasted Waterhen
583144-11-50,583144,23.79,0.4,1,11,White-breasted Waterhen
583144-11-51,583144,24.2,0.4,1,11,White-breasted Waterhen
583144-11-52,583144,24.61,0.4,1,11,White-breasted Waterhen
583144-11-53,583144,25.03,0.4,1,11,White-breasted Waterhen
583144-11-54,583144,25.46,0.4,1,11,White-breasted Waterhen
583144-11-55,583144,25.9,0.4,1,11,White-breasted Waterhen
583144-11-56,583144,26.3,0.4,1,11,White-breasted Waterhen
583144-11-57,583144,26.7,0.4,1,11,White-breasted Waterhen
583144-11-58,583144,27.12,0.4,1,11,White-breasted Waterhen
583144-11-59,583144,27.53,0.4,1,11,White-breasted Waterhen
583144-11-60,583144,27.95,0.4,1,11,White-breasted Waterhen
583144-11-61,583144,28.38,0.4,1,11,White-breasted Waterhen
583144-11-62,583144,28.81,0.4,1,11,White-breasted Waterhen
583144-11-63,583144,29.24,0.4,1,11,White-breasted Waterhen
583144-11-64,583144,29.66,0.4,1,11,White-breasted Waterhen
583144-11-65,583144,30.07,0.4,1,11,White-breasted Waterhen
583144-11-66,583144,30.51,0.4,1,11,White-breasted Waterhen
583144-11-67,583144,30.95,0.4,1,11,White-breasted Waterhen
583144-11-68,583144,31.38,0.4,1,11,White-breasted Waterhen
583144-11-69,583144,31.8,0.4,1,11,White-breasted Waterhen
583144-11-70,583144,32.22,0.4,1,11,White-breasted Waterhen
583144-11-71,583144,32.66,0.4,1,11,White-breasted Waterhen
583144-11-72,583144,33.13,0.4,1,11,White-breasted Waterhen
583144-11-73,583144,33.57,0.4,1,11,White-breasted Waterhen
583144-11-74,583144,33.99,0.4,1,11,White-breasted Waterhen
583144-11-75,583144,34.43,0.4,1,11,White-breasted Waterhen
583144-11-76,583144,34.85,0.4,1,11,White-breasted Waterhen
583144-11-77,583144,35.26,0.4,1,11,White-breasted Waterhen
583144-11-78,583144,35.7,0.4,1,11,White-breasted Waterhen
583144-11-79,583144,36.12,0.4,1,11,White-breasted Waterhen
583144-11-80,583144,36.56,0.4,1,11,White-breasted Waterhen
583144-11-81,583144,36.97,0.4,1,11,White-breasted Waterhen
583144-11-82,583144,37.4,0.4,1,11,White-breasted Waterhen
583144-11-83,583144,37.84,0.4,1,11,White-breasted Waterhen
583144-11-84,583144,38.27,0.4,1,11,White-breasted Waterhen
583144-11-85,583144,38.67,0.4,1,11,White-breasted Waterhen
583144-11-86,583144,39.11,0.4,1,11,White-breasted Waterhen
583144-11-87,583144,39.53,0.4,1,11,White-breasted Waterhen
583144-11-88,583144,39.96,0.4,1,11,White-breasted Waterhen
583144-11-89,583144,40.4,0.4,1,11,White-breasted Waterhen
583144-11-90,583144,40.85,0.4,1,11,White-breasted Waterhen
583144-11-91,583144,41.26,0.4,1,11,White-breasted Waterhen
583144-11-92,583144,41.69,0.4,1,11,White-breasted Waterhen
583144-11-93,583144,42.13,0.4,1,11,White-breasted Waterhen
583144-11-94,583144,42.54,0.4,1,11,White-breasted Waterhen
583144-11-95,583144,42.98,0.4,1,11,White-breasted Waterhen
583144-11-96,583144,43.39,0.4,1,11,White-breasted Waterhen
583144-11-97,583144,43.85,0.4,1,11,White-breasted Waterhen
583144-11-98,583144,44.26,0.4,1,11,White-breasted Waterhen
583144-11-99,583144,44.71,0.4,1,11,White-breasted Waterhen
583144-11-100,583144,45.13,0.4,1,11,White-breasted Waterhen
583144-11-101,583144,45.55,0.4,1,11,White-breasted Waterhen
583144-11-102,583144,46,0.4,1,11,White-breasted Waterhen
583144-11-103,583144,46.42,0.4,1,11,White-breasted Waterhen
583144-11-104,583144,46.85,0.4,1,11,White-breasted Waterhen
583144-11-105,583144,47.29,0.4,1,11,White-breasted Waterhen
583144-11-106,583144,47.75,0.4,1,11,White-breasted Waterhen
583144-11-107,583144,48.19,0.4,1,11,White-breasted Waterhen
583144-11-108,583144,48.65,0.4,1,11,White-breasted Waterhen
583144-11-109,583144,49.08,0.4,1,11,White-breasted Waterhen
583144-11-110,583144,49.53,0.4,1,11,White-breasted Waterhen
583144-11-111,583144,49.94,0.4,1,11,White-breasted Waterhen
583144-11-112,583144,50.37,0.4,1,11,White-breasted Waterhen
583144-11-113,583144,50.78,0.4,1,11,White-breasted Waterhen
583144-11-114,583144,51.23,0.4,1,11,White-breasted Waterhen
583144-11-115,583144,51.7,0.4,1,11,White-breasted Waterhen
583144-11-116,583144,52.1,0.4,1,11,White-breasted Waterhen
583144-11-117,583144,52.54,0.4,1,11,White-breasted Waterhen
583144-11-118,583144,52.97,0.4,1,11,White-breasted Waterhen
583144-11-119,583144,53.39,0.4,1,11,White-breasted Waterhen
583144-11-120,583144,53.82,0.4,1,11,White-breasted Waterhen
583144-11-121,583144,54.26,0.4,1,11,White-breasted Waterhen
583144-11-122,583144,54.69,0.4,1,11,White-breasted Waterhen
583144-11-123,583144,56.47,0.4,1,11,White-breasted Waterhen